director_name,actor_1_name,actor_2_name,actor_3_name,movie_title,comb
Nicolas Pesce,Andrea Riseborough,Demián Bichir,John Cho,the grudge,Andrea Riseborough Demián Bichir John Cho Nicolas Pesce
William Eubank,Kristen Stewart,Vincent Cassel,Jessica Henwick,underwater,Kristen Stewart Vincent Cassel Jessica Henwick William Eubank
Miguel Arteta,Tiffany Haddish,Rose Byrne,Salma Hayek,like a boss,Tiffany Haddish Rose Byrne Salma Hayek Miguel Arteta
Jon Avnet,Richard Gere,Peter Dinklage,Walton Goggins,three christs,Richard Gere Peter Dinklage Walton Goggins Jon Avnet
Anthony Jerjen,Josh Hartnett,Margarita Levieva,Chandler Riggs,inherit the viper,Josh Hartnett Margarita Levieva Chandler Riggs Anthony Jerjen
Andrew Desmond,Freya Tingley,Simon Abkarian,Rutger Hauer,the sonata,Freya Tingley Simon Abkarian Rutger Hauer Andrew Desmond
Daniel Farrands,Mena Suvari,Nick Stahl,Taryn Manning,the murder of nicole brown simpson,Mena Suvari Nick Stahl Taryn Manning Daniel Farrands
Ali Zamani,Nicola Posener,Houston Rhines,Michael Teh,angels fallen,Nicola Posener Houston Rhines Michael Teh Ali Zamani
Adil El Arbi and Bilall Fallah,Will Smith,Martin Lawrence,Vanessa Hudgens,bad boys for life,Will Smith Martin Lawrence Vanessa Hudgens Adil El Arbi and Bilall Fallah
Stephen Gaghan,Robert Downey Jr.,Antonio Banderas,Michael Sheen,dolittle,Robert Downey Jr. Antonio Banderas Michael Sheen Stephen Gaghan
Tyler Perry,Crystal R. Fox,Phylicia Rashad,Bresha Webb,a fall from grace,Crystal R. Fox Phylicia Rashad Bresha Webb Tyler Perry
Guy Ritchie,Matthew McConaughey,Charlie Hunnam,Henry Golding,the gentlemen,Matthew McConaughey Charlie Hunnam Henry Golding Guy Ritchie
Floria Sigismondi,Mackenzie Davis,Finn Wolfhard,Brooklynn Prince,the turning,Mackenzie Davis Finn Wolfhard Brooklynn Prince Floria Sigismondi
Todd Robinson,Sebastian Stan,Christopher Plummer,William Hurt,the last full measure,Sebastian Stan Christopher Plummer William Hurt Todd Robinson
Will Forbes,Terry Crews,Ludacris,Jamila Velazquez,john henry,Terry Crews Ludacris Jamila Velazquez Will Forbes
Reed Morano,Blake Lively,Jude Law,Sterling K. Brown,the rhythm section,Blake Lively Jude Law Sterling K. Brown Reed Morano
Oz Perkins,Sophia Lillis,Sammy Leakey,Charles Babalola,gretel & hansel,Sophia Lillis Sammy Leakey Charles Babalola Oz Perkins
Cathy Yan,Margot Robbie,Mary Elizabeth Winstead,Jurnee Smollett-Bell,birds of prey,Margot Robbie Mary Elizabeth Winstead Jurnee Smollett-Bell Cathy Yan
"Veronika Franz, Severin Fiala (directors/screenplay); Sergio Casci (screenplay); Riley Keough, Jaeden Martell, Lia McHugh, Richard Armitage, Alicia Silverstone",Riley Keough,Jaeden Martell,Lia McHugh,the lodge,"Riley Keough Jaeden Martell Lia McHugh Veronika Franz, Severin Fiala (directors/screenplay); Sergio Casci (screenplay); Riley Keough, Jaeden Martell, Lia McHugh, Richard Armitage, Alicia Silverstone"
Tom McCarthy,Winslow Fegley,Ophelia Lovibond,Craig Robinson,timmy failure: mistakes were made,Winslow Fegley Ophelia Lovibond Craig Robinson Tom McCarthy
Jeff Baena,Alison Brie,Debby Ryan,John Paul Reynolds,horse girl,Alison Brie Debby Ryan John Paul Reynolds Jeff Baena
Michael Fimognari,Lana Condor,Noah Centineo,Jordan Fisher,to all the boys: p.s. i still love you,Lana Condor Noah Centineo Jordan Fisher Michael Fimognari
Jeff Fowler,James Marsden,Ben Schwartz,Tika Sumpter,sonic the hedgehog,James Marsden Ben Schwartz Tika Sumpter Jeff Fowler
Jeff Wadlow,Michael Peña,Maggie Q,Lucy Hale,fantasy island,Michael Peña Maggie Q Lucy Hale Jeff Wadlow
Stella Meghie,Issa Rae,Lakeith Stanfield,Chelsea Peretti,the photograph,Issa Rae Lakeith Stanfield Chelsea Peretti Stella Meghie
"Nat Faxon, Jim Rash",Julia Louis-Dreyfus,Will Ferrell,Miranda Otto,downhill,"Julia Louis-Dreyfus Will Ferrell Miranda Otto Nat Faxon, Jim Rash"
Drew Mylrea,Drew Van Acker,Poppy Delevingne,Natasha Bassett,spy intervention,Drew Van Acker Poppy Delevingne Natasha Bassett Drew Mylrea
Lone Scherfig,Andrea Riseborough,Tahar Rahim,Zoe Kazan,the kindness of strangers,Andrea Riseborough Tahar Rahim Zoe Kazan Lone Scherfig
Chris Sanders,Harrison Ford,Omar Sy,Cara Gee,the call of the wild,Harrison Ford Omar Sy Cara Gee Chris Sanders
Autumn de Wilde,Anya Taylor-Joy,Johnny Flynn,Josh O'Connor,emma,Anya Taylor-Joy Johnny Flynn Josh O'Connor Autumn de Wilde
Dee Rees,Anne Hathaway,Ben Affleck,Rosie Perez,the last thing he wanted,Anne Hathaway Ben Affleck Rosie Perez Dee Rees
William Brent Bell,Katie Holmes,Owain Yeoman,Christopher Convery,brahms: the boy ii,Katie Holmes Owain Yeoman Christopher Convery William Brent Bell
Michael Cristofer,Tye Sheridan,Ana de Armas,Helen Hunt,the night clerk,Tye Sheridan Ana de Armas Helen Hunt Michael Cristofer
Chris Henchy,Brian Quinn,Joe Gatto,Sal Vulcano,impractical jokers: the movie,Brian Quinn Joe Gatto Sal Vulcano Chris Henchy
Leigh Whannell,Elisabeth Moss,Aldis Hodge,Storm Reid,the invisible man,Elisabeth Moss Aldis Hodge Storm Reid Leigh Whannell
Brett Haley,Elle Fanning,Justice Smith,Alexandra Shipp,all the bright places,Elle Fanning Justice Smith Alexandra Shipp Brett Haley
Jason Lei Howden,Daniel Radcliffe,Samara Weaving,Natasha Liu Bordizzo,guns akimbo,Daniel Radcliffe Samara Weaving Natasha Liu Bordizzo Jason Lei Howden
Dan Scanlon,Tom Holland,Chris Pratt,Julia Louis-Dreyfus,onward,Tom Holland Chris Pratt Julia Louis-Dreyfus Dan Scanlon
Gavin O'Connor,Ben Affleck,Al Madrigal,Michaela Watkins,the way back,Ben Affleck Al Madrigal Michaela Watkins Gavin O'Connor
Peter Berg,Mark Wahlberg,Winston Duke,Alan Arkin,spenser confidential,Mark Wahlberg Winston Duke Alan Arkin Peter Berg
George Nolfi,Anthony Mackie,Nicholas Hoult,Nia Long,the banker,Anthony Mackie Nicholas Hoult Nia Long George Nolfi
Giuseppe Capotondi,Claes Bang,Elizabeth Debicki,Mick Jagger,the burnt orange heresy,Claes Bang Elizabeth Debicki Mick Jagger Giuseppe Capotondi
Carlo Mirabella-Davis,Haley Bennett,Austin Stowell,Elizabeth Marvel,swallow,Haley Bennett Austin Stowell Elizabeth Marvel Carlo Mirabella-Davis
Kelly Reichardt,John Magaro,Orion Hall,René Auberjonois,first cow,John Magaro Orion Hall René Auberjonois Kelly Reichardt
Dave S. F. Wilson,Vin Diesel,Eiza González,Sam Heughan,bloodshot,Vin Diesel Eiza González Sam Heughan Dave S. F. Wilson
Craig Zobel,Betty Gilpin,Ike Barinholtz,Amy Madigan,the hunt,Betty Gilpin Ike Barinholtz Amy Madigan Craig Zobel
Erwin Brothers,KJ Apa,Britt Robertson,Shania Twain,i still believe,KJ Apa Britt Robertson Shania Twain Erwin Brothers
Liz Garbus,Amy Ryan,Thomasin McKenzie,Lola Kirke,lost girls,Amy Ryan Thomasin McKenzie Lola Kirke Liz Garbus
Julia Hart,Grace VanderWaal,Graham Verchere,Giancarlo Esposito,stargirl,Grace VanderWaal Graham Verchere Giancarlo Esposito Julia Hart
Sally Potter,Javier Bardem,Elle Fanning,Laura Linney,the roads not taken,Javier Bardem Elle Fanning Laura Linney Sally Potter
Eliza Hittman,Sidney Flanigan,Talia Ryder,Theodore Pellerin,never rarely sometimes always,Sidney Flanigan Talia Ryder Theodore Pellerin Eliza Hittman
Jason Orley,Pete Davidson,Griffin Gluck,Jon Cryer,big time adolescence,Pete Davidson Griffin Gluck Jon Cryer Jason Orley
Katharine O'Brien,Simon Pegg,Juno Temple,Alexandra Daddario,lost transmissions,Simon Pegg Juno Temple Alexandra Daddario Katharine O'Brien
Jonathan Jakubowicz,Jesse Eisenberg,Ed Harris,Clémence Poésy,resistance,Jesse Eisenberg Ed Harris Clémence Poésy Jonathan Jakubowicz
Prentice Penny,Mamoudou Athie,Courtney B. Vance,Niecy Nash,uncorked,Mamoudou Athie Courtney B. Vance Niecy Nash Prentice Penny
Michael Dowse,Ed Helms,Taraji P. Henson,Betty Gilpin,coffee & kareem,Ed Helms Taraji P. Henson Betty Gilpin Michael Dowse
Walt Dohrn,Anna Kendrick,Justin Timberlake,Rachel Bloom,trolls world tour,Anna Kendrick Justin Timberlake Rachel Bloom Walt Dohrn
Dean Craig,Olivia Munn,Sam Claflin,Freida Pinto,love wedding repeat,Olivia Munn Sam Claflin Freida Pinto Dean Craig
Jay Karas,Seth Carr,Tichina Arnold,Ken Marino,the main event,Seth Carr Tichina Arnold Ken Marino Jay Karas
Marc Meyers,Alexandra Daddario,Keean Johnson,Logan Miller,we summon the darkness,Alexandra Daddario Keean Johnson Logan Miller Marc Meyers
Vicky Wight,Leslie Bibb,Josh Duhamel,Nora Dunn,the lost husband,Leslie Bibb Josh Duhamel Nora Dunn Vicky Wight
Charles Band,Cody Renee Cameron,Russell Coker,Robin Sydney,corona zombies,Cody Renee Cameron Russell Coker Robin Sydney Charles Band
Ronn Kilby,Mark Christopher Lawrence,Diane Sargent,Michelle Way,skin: the movie,Mark Christopher Lawrence Diane Sargent Michelle Way Ronn Kilby
Greg Barker,Wagner Moura,Ana de Armas,Garret Dillahunt,sergio,Wagner Moura Ana de Armas Garret Dillahunt Greg Barker
Kris Pearn,Will Forte,Maya Rudolph,Alessia Cara,the willoughbys,Will Forte Maya Rudolph Alessia Cara Kris Pearn
Sam Hargrave,Chris Hemsworth,Rudhraksh Jaiswal,Randeep Hooda,extraction,Chris Hemsworth Rudhraksh Jaiswal Randeep Hooda Sam Hargrave
Sean McEwen,Tom Felton,Tammin Sursok,Wendi McLendon-Covey,braking for whales,Tom Felton Tammin Sursok Wendi McLendon-Covey Sean McEwen
Cory Finley,Hugh Jackman,Allison Janney,Geraldine Viswanathan,bad education,Hugh Jackman Allison Janney Geraldine Viswanathan Cory Finley
Michael Scott,Camila Mendes,Jessie T. Usher,Jamie Chung,dangerous lies,Camila Mendes Jessie T. Usher Jamie Chung Michael Scott
Joe Robert Cole,Ashton Sanders,Jeffrey Wright,Yahya Abdul-Mateen II,all day and a night,Ashton Sanders Jeffrey Wright Yahya Abdul-Mateen II Joe Robert Cole
The Pierce Brothers,John-Paul Howard,Piper Curda,Zarah Mahler,the wretched,John-Paul Howard Piper Curda Zarah Mahler The Pierce Brothers
Alice Wu,Leah Lewis,Daniel Diemer,Alexxis Lemire,the half of it,Leah Lewis Daniel Diemer Alexxis Lemire Alice Wu
Clark Duke,Liam Hemsworth,Clark Duke,Michael Kenneth Williams,arkansas,Liam Hemsworth Clark Duke Michael Kenneth Williams Clark Duke
Rachel Lee Goldenberg,Jessica Rothe,Josh Whitehouse,Mae Whitman,valley girl,Jessica Rothe Josh Whitehouse Mae Whitman Rachel Lee Goldenberg
Josh Trank,Tom Hardy,Linda Cardellini,Jack Lowden,capone,Tom Hardy Linda Cardellini Jack Lowden Josh Trank
Tyler Spindel,David Spade,Lauren Lapkus,Geoff Pierson,the wrong missy,David Spade Lauren Lapkus Geoff Pierson Tyler Spindel
Tony Cervone,Will Forte,Mark Wahlberg,Jason Isaacs,scoob!,Will Forte Mark Wahlberg Jason Isaacs Tony Cervone
Eric Demeusy,Ryan Masson,Highdee Kuan,Christian Prentice,proximity,Ryan Masson Highdee Kuan Christian Prentice Eric Demeusy
John Barr,Tom Berenger,Kristen Hager,Mark Sivertsen,blood and money,Tom Berenger Kristen Hager Mark Sivertsen John Barr
Malik Vitthal,Mary J. Blige,Nat Wolff,David Zayas,body cam,Mary J. Blige Nat Wolff David Zayas Malik Vitthal
Michael Showalter,Issa Rae,Kumail Nanjiani,Paul Sparks,the lovebirds,Issa Rae Kumail Nanjiani Paul Sparks Michael Showalter
Vaughn Stein,Lily Collins,Simon Pegg,Chace Crawford,inheritance,Lily Collins Simon Pegg Chace Crawford Vaughn Stein
Nisha Ganatra,Dakota Johnson,Tracee Ellis Ross,Kelvin Harrison Jr.,the high note,Dakota Johnson Tracee Ellis Ross Kelvin Harrison Jr. Nisha Ganatra
Josephine Decker,Elisabeth Moss,Michael Stuhlbarg,Odessa Young,shirley,Elisabeth Moss Michael Stuhlbarg Odessa Young Josephine Decker
Olivier Megaton,Édgar Ramírez,Anna Brewster,Michael Pitt,the last days of american crime,Édgar Ramírez Anna Brewster Michael Pitt Olivier Megaton
"Jonathan Milott, Cary Murnion",Lulu Wilson,Kevin James,Joel McHale,becky,"Lulu Wilson Kevin James Joel McHale Jonathan Milott, Cary Murnion"
Sean McNamara,Janel Parrish,Alexa PenaVega,Carlos PenaVega,mighty oak,Janel Parrish Alexa PenaVega Carlos PenaVega Sean McNamara
Spike Lee,Delroy Lindo,Jonathan Majors,Clarke Peters,da 5 bloods,Delroy Lindo Jonathan Majors Clarke Peters Spike Lee
Kenneth Branagh,Ferdia Shaw,Lara McDonnell,Josh Gad,artemis fowl,Ferdia Shaw Lara McDonnell Josh Gad Kenneth Branagh
Judd Apatow,Pete Davidson,Marisa Tomei,Bill Burr,the king of staten island,Pete Davidson Marisa Tomei Bill Burr Judd Apatow
Kaare Andrews,Chad Michael Collins,Tom Berenger,Sayaka Akimoto,sniper: assassin's end,Chad Michael Collins Tom Berenger Sayaka Akimoto Kaare Andrews
Olivier Assayas,Penélope Cruz,Édgar Ramírez,Gael García Bernal,wasp network,Penélope Cruz Édgar Ramírez Gael García Bernal Olivier Assayas
Elissa Down,Elissa Down (director); Sofia Carson,Enrico Colantoni,Wolfgang Novogratz,feel the beat,Elissa Down (director); Sofia Carson Enrico Colantoni Wolfgang Novogratz Elissa Down
David Dobkin,Will Ferrell,Rachel McAdams,Dan Stevens,eurovision song contest: the story of fire saga,Will Ferrell Rachel McAdams Dan Stevens David Dobkin
Jon Stewart,Steve Carell,Chris Cooper,Mackenzie Davis,irresistible,Steve Carell Chris Cooper Mackenzie Davis Jon Stewart
Peter Segal,Dave Bautista,Chloe Coleman,Kristen Schaal,my spy,Dave Bautista Chloe Coleman Kristen Schaal Peter Segal
Daniel Chong,Eric Edelstein,Bobby Moynihan,Demetri Martin,we bare bears: the movie,Eric Edelstein Bobby Moynihan Demetri Martin Daniel Chong
Thomas Kail,Thomas Kail (director); Lin-Manuel Miranda,Phillipa Soo,Leslie Odom Jr.,hamilton,Thomas Kail (director); Lin-Manuel Miranda Phillipa Soo Leslie Odom Jr. Thomas Kail
Natalie Erika James,Emily Mortimer,Robyn Nevin,Bella Heathcote,relic,Emily Mortimer Robyn Nevin Bella Heathcote Natalie Erika James
LP,Anna Camp,Robbie Amell,Nasim Pedrad,desperados,Anna Camp Robbie Amell Nasim Pedrad LP
Gina Prince-Bythewood,Charlize Theron,KiKi Layne,Marwan Kenzari,the old guard,Charlize Theron KiKi Layne Marwan Kenzari Gina Prince-Bythewood
Andrew Lawrence,Adam Copeland,Kelsey Grammer,Thomas Jane,money plane,Adam Copeland Kelsey Grammer Thomas Jane Andrew Lawrence
Aaron Schneider,Tom Hanks,Stephen Graham,Rob Morgan,greyhound,Tom Hanks Stephen Graham Rob Morgan Aaron Schneider
Max Barbakow,Andy Samberg,Cristin Milioti,Peter Gallagher,palm springs,Andy Samberg Cristin Milioti Peter Gallagher Max Barbakow
Peter Sullivan,Nia Long,Omar Epps,Stephen Bishop,fatal affair,Nia Long Omar Epps Stephen Bishop Peter Sullivan
Robin Pront,Annabelle Wallis,Hero Fiennes-Tiffin,Nikolaj Coster-Waldau,the silencing,Annabelle Wallis Hero Fiennes-Tiffin Nikolaj Coster-Waldau Robin Pront
The Brothers Riedell,Lucy Hale,Leonidas Gulaptis,Jackie Cruz,a nice girl like you,Lucy Hale Leonidas Gulaptis Jackie Cruz The Brothers Riedell
Eric Bress,Brenton Thwaites,Theo Rossi,Skylar Astin,ghosts of war,Brenton Thwaites Theo Rossi Skylar Astin Eric Bress
Scott Christian Sava (director/screenplay); Tony Bancroft,John Krasinski,Emily Blunt,Ian McKellen,animal crackers,John Krasinski Emily Blunt Ian McKellen Scott Christian Sava (director/screenplay); Tony Bancroft
Vince Marcello,Joey King,Joel Courtney,Jacob Elordi,the kissing booth 2,Joey King Joel Courtney Jacob Elordi Vince Marcello
Dave Franco,Dan Stevens,Alison Brie,Sheila Vand,the rental,Dan Stevens Alison Brie Sheila Vand Dave Franco
Andy Tennant,Katie Holmes,Josh Lucas,Jerry O'Connell,the secret: dare to dream,Katie Holmes Josh Lucas Jerry O'Connell Andy Tennant
Jessica Swale,Gemma Arterton,Gugu Mbatha-Raw,Penelope Wilton,summerland,Gemma Arterton Gugu Mbatha-Raw Penelope Wilton Jessica Swale
Amy Seimetz,Kate Lyn Sheil,Jane Adams,Kentucker Audley,she dies tomorrow,Kate Lyn Sheil Jane Adams Kentucker Audley Amy Seimetz
David Ayer,Bobby Soto,Shia LaBeouf,Cinthya Carmona,the tax collector,Bobby Soto Shia LaBeouf Cinthya Carmona David Ayer
Ciro Guerra,Mark Rylance,Johnny Depp,Robert Pattinson,waiting for the barbarians,Mark Rylance Johnny Depp Robert Pattinson Ciro Guerra
"Henry Joost, Ariel Schulman",Jamie Foxx,Joseph Gordon-Levitt,Dominique Fishback,project power,"Jamie Foxx Joseph Gordon-Levitt Dominique Fishback Henry Joost, Ariel Schulman"
Tim Hill,Tom Kenny,Awkwafina,Matt Berry,the spongebob movie: sponge on the run (canadian theatrical release),Tom Kenny Awkwafina Matt Berry Tim Hill
Mark Waters,Adam DeVine,Gillian Jacobs,Jeffrey Tambor,magic camp,Adam DeVine Gillian Jacobs Jeffrey Tambor Mark Waters
Eugene Kotlyarenko,Joe Keery,Sasheer Zamata,Mischa Barton,spree,Joe Keery Sasheer Zamata Mischa Barton Eugene Kotlyarenko
Thea Sharrock,Sam Rockwell,Angelina Jolie,Danny DeVito,the one and only ivan,Sam Rockwell Angelina Jolie Danny DeVito Thea Sharrock
Derrick Borte,Russell Crowe,Caren Pistorius,Gabriel Bateman,unhinged,Russell Crowe Caren Pistorius Gabriel Bateman Derrick Borte
Michael Almereyda,Ethan Hawke,Eve Hewson,Ebon Moss-Bachrach,tesla,Ethan Hawke Eve Hewson Ebon Moss-Bachrach Michael Almereyda
RZA,Shameik Moore,T.I.,Demetrius Shipp Jr.,cut throat city,Shameik Moore T.I. Demetrius Shipp Jr. RZA
Thor Freudenthal,Charlie Plummer,Andy García,Taylor Russell,words on bathroom walls,Charlie Plummer Andy García Taylor Russell Thor Freudenthal
Dean Parisot,Keanu Reeves,Alex Winter,Kristen Schaal,bill & ted face the music,Keanu Reeves Alex Winter Kristen Schaal Dean Parisot
Josh Boone,Maisie Williams,Anya Taylor-Joy,Charlie Heaton,the new mutants,Maisie Williams Anya Taylor-Joy Charlie Heaton Josh Boone
Armando Iannucci,Dev Patel,Aneurin Barnard,Peter Capaldi,the personal history of david copperfield,Dev Patel Aneurin Barnard Peter Capaldi Armando Iannucci
Charlie Kaufman,Jesse Plemons,Jessie Buckley,Toni Collette,i'm thinking of ending things,Jesse Plemons Jessie Buckley Toni Collette Charlie Kaufman
Bob Bowen,Vincent Martella,Ashley Tisdale,David Errigo Jr.,phineas and ferb the movie: candace against the universe,Vincent Martella Ashley Tisdale David Errigo Jr. Bob Bowen
Brett Haley,Auliʻi Cravalho,Rhenzy Feliz,Judy Reyes,all together now,Auliʻi Cravalho Rhenzy Feliz Judy Reyes Brett Haley
Brendan Walsh,Genesis Rodriguez,Vincent Piazza,Louis Cancelmi,centigrade,Genesis Rodriguez Vincent Piazza Louis Cancelmi Brendan Walsh
Marco Pontecorvo,Joaquim de Almeida,Goran Višnjić,Stephanie Gil,fatima,Joaquim de Almeida Goran Višnjić Stephanie Gil Marco Pontecorvo
Christopher Nolan,John David Washington,Robert Pattinson,Elizabeth Debicki,tenet,John David Washington Robert Pattinson Elizabeth Debicki Christopher Nolan
Niki Caro,Liu Yifei,Donnie Yen,Tzi Ma,mulan,Liu Yifei Donnie Yen Tzi Ma Niki Caro
John Leguizamo,John Leguizamo,Jorge Lendeborg Jr.,Angel Bismark Curiel,critical thinking,John Leguizamo Jorge Lendeborg Jr. Angel Bismark Curiel John Leguizamo
Julius Berg,Maisie Williams,Sylvester McCoy,Rita Tushingham,the owners,Maisie Williams Sylvester McCoy Rita Tushingham Julius Berg
Sam Macaroni,Pauly Shore,Mike Castle,Aimee Teegarden,guest house,Pauly Shore Mike Castle Aimee Teegarden Sam Macaroni
McG,Judah Lewis,Emily Alyn Lind,Jenna Ortega,the babysitter: killer queen,Judah Lewis Emily Alyn Lind Jenna Ortega McG
Rachel Lee Goldenberg,Haley Lu Richardson,Barbie Ferreira,Alex MacNicoll,unpregnant,Haley Lu Richardson Barbie Ferreira Alex MacNicoll Rachel Lee Goldenberg
Antonio Campos,Tom Holland,Bill Skarsgård,Riley Keough,the devil all the time,Tom Holland Bill Skarsgård Riley Keough Antonio Campos
Natalie Krinsky,Geraldine Viswanathan,Dacre Montgomery,Utkarsh Ambudkar,the broken hearts gallery,Geraldine Viswanathan Dacre Montgomery Utkarsh Ambudkar Natalie Krinsky
Luke Eve,Brenton Thwaites,Lily Sullivan,Joel Jackson,i met a girl,Brenton Thwaites Lily Sullivan Joel Jackson Luke Eve
Jon Stevenson,Wil Wheaton,Brian Landis Folkins,Kathleen Brady,rent-a-pal,Wil Wheaton Brian Landis Folkins Kathleen Brady Jon Stevenson
Yuval Adler,Noomi Rapace,Joel Kinnaman,Chris Messina,the secrets we keep,Noomi Rapace Joel Kinnaman Chris Messina Yuval Adler
"Gerard Bush, Christopher Renz (directors/screenplay); Janelle Monáe, Eric Lange, Jena Malone, Jack Huston, Kiersey Clemons, Gabourey Sidibe",Janelle Monáe,Eric Lange,Jena Malone,antebellum,"Janelle Monáe Eric Lange Jena Malone Gerard Bush, Christopher Renz (directors/screenplay); Janelle Monáe, Eric Lange, Jena Malone, Jack Huston, Kiersey Clemons, Gabourey Sidibe"
Sean Durkin,Jude Law,Carrie Coon,Charlie Shotwell,the nest,Jude Law Carrie Coon Charlie Shotwell Sean Durkin
Roger Michell,Susan Sarandon,Kate Winslet,Mia Wasikowska,blackbird,Susan Sarandon Kate Winslet Mia Wasikowska Roger Michell
William Olsson,Alexandra Daddario,Takehiro Hira,Carice van Houten,lost girls & love hotels,Alexandra Daddario Takehiro Hira Carice van Houten William Olsson
Taylor A. Purdee,Taylor A. Purdee,John Donchak,Nathan Purdee,killian & the comeback kids,Taylor A. Purdee John Donchak Nathan Purdee Taylor A. Purdee
Harry Bradbeer,Millie Bobby Brown,Henry Cavill,Sam Claflin,enola holmes,Millie Bobby Brown Henry Cavill Sam Claflin Harry Bradbeer
Aaron Sorkin,Yahya Abdul-Mateen II,Sacha Baron Cohen,Danny Flaherty,the trial of the chicago 7,Yahya Abdul-Mateen II Sacha Baron Cohen Danny Flaherty Aaron Sorkin
Tate Taylor,Jessica Chastain,John Malkovich,Common,ava,Jessica Chastain John Malkovich Common Tate Taylor
Miranda July,Evan Rachel Wood,Richard Jenkins,Debra Winger,kajillionaire,Evan Rachel Wood Richard Jenkins Debra Winger Miranda July
Andrew Cohn,Richard Jenkins,Shane Paul McGhie,Da'Vine Joy Randolph,the last shift,Richard Jenkins Shane Paul McGhie Da'Vine Joy Randolph Andrew Cohn
Anna Mastro,Peyton Elizabeth Lee,Skylar Astin,Élodie Yung,secret society of second-born royals,Peyton Elizabeth Lee Skylar Astin Élodie Yung Anna Mastro
Marc Carlini,Tommy Dewey,François Arnaud,Minka Kelly,she's in portland,Tommy Dewey François Arnaud Minka Kelly Marc Carlini
Joe Mantello,Jim Parsons,Zachary Quinto,Matt Bomer,the boys in the band,Jim Parsons Zachary Quinto Matt Bomer Joe Mantello
Julie Taymor,Julianne Moore,Alicia Vikander,Timothy Hutton,the glorias,Julianne Moore Alicia Vikander Timothy Hutton Julie Taymor
Sofia Coppola,Rashida Jones,Bill Murray,Marlon Wayans,on the rocks,Rashida Jones Bill Murray Marlon Wayans Sofia Coppola
Brian Duffield,Katherine Langford,Charlie Plummer,Hayley Law,spontaneous,Katherine Langford Charlie Plummer Hayley Law Brian Duffield
Osmany Rodriguez,Jaden Michael,Gerald W. Jones III,Gregory Diaz IV,vampires vs. the bronx,Jaden Michael Gerald W. Jones III Gregory Diaz IV Osmany Rodriguez
Brandon Cronenberg,Andrea Riseborough,Christopher Abbott,Rossif Sutherland,possessor,Andrea Riseborough Christopher Abbott Rossif Sutherland Brandon Cronenberg
Darren Lynn Bousman,Maggie Q,Alex Essoe,Luke Hemsworth,death of me,Maggie Q Alex Essoe Luke Hemsworth Darren Lynn Bousman
Mike Elliott,Madison Pettis,Lizze Broadway,Piper Curda,american pie presents: girls' rules,Madison Pettis Lizze Broadway Piper Curda Mike Elliott
Veena Sud,Mireille Enos,Peter Sarsgaard,Joey King,the lie,Mireille Enos Peter Sarsgaard Joey King Veena Sud
Steven Brill,Adam Sandler,Kevin James,Julie Bowen,hubie halloween,Adam Sandler Kevin James Julie Bowen Steven Brill
Brannon Braga,Britt Robertson,Anna Friel,Rafi Gavron,books of blood,Britt Robertson Anna Friel Rafi Gavron Brannon Braga
Angel Manuel Soto,Jahi Di'Allo Winston,Meek Mill,Will Catlett,charm city kings,Jahi Di'Allo Winston Meek Mill Will Catlett Angel Manuel Soto
Tim Hill,Robert De Niro,Uma Thurman,Rob Riggle,the war with grandpa,Robert De Niro Uma Thurman Rob Riggle Tim Hill
Woody Allen,Timothée Chalamet,Elle Fanning,Selena Gomez,a rainy day in new york,Timothée Chalamet Elle Fanning Selena Gomez Woody Allen
Diane Paragas,Eva Noblezada,Dale Watson,Princess Punzalan,yellow rose,Eva Noblezada Dale Watson Princess Punzalan Diane Paragas
Radha Blank,Radha Blank,Peter Kim,Oswin Benjamin,the 40-year-old version,Radha Blank Peter Kim Oswin Benjamin Radha Blank
Zu Quirke,Sydney Sweeney,Madison Iseman,Jacques Colimon,nocturne,Sydney Sweeney Madison Iseman Jacques Colimon Zu Quirke
"Elan Dassani, Rajeev Dassani",Sarita Choudhury,Sunita Mani,Omar Maskati,evil eye,"Sarita Choudhury Sunita Mani Omar Maskati Elan Dassani, Rajeev Dassani"
Rachel Talalay,Tamara Smart,Oona Laurence,Tom Felton,a babysitter's guide to monster hunting,Tamara Smart Oona Laurence Tom Felton Rachel Talalay
Michael Matthews,Dylan O'Brien,Jessica Henwick,Dan Ewing,love and monsters,Dylan O'Brien Jessica Henwick Dan Ewing Michael Matthews
Mark Williams,Liam Neeson,Kate Walsh,Robert Patrick,honest thief,Liam Neeson Kate Walsh Robert Patrick Mark Williams
Justin Baldoni,Fin Argus,Sabrina Carpenter,Madison Iseman,clouds,Fin Argus Sabrina Carpenter Madison Iseman Justin Baldoni
Edward James Olmos,David Strathairn,Kate Bosworth,Pablo Schreiber,the devil has a name,David Strathairn Kate Bosworth Pablo Schreiber Edward James Olmos
Evan Morgan,Adam Brody,Sophie Nélisse,Tzi Ma,the kid detective,Adam Brody Sophie Nélisse Tzi Ma Evan Morgan
Johnny Martin,Tyler Posey,Summer Spiro,Robert Ri'chard,alone,Tyler Posey Summer Spiro Robert Ri'chard Johnny Martin
Lance Hool,Jacob Elordi,Adan Canto,Tiera Skovbye,2 hearts,Jacob Elordi Adan Canto Tiera Skovbye Lance Hool
Steve Byrne,Jimmy O. Yang,Alex Moffat,Cedric the Entertainer,the opening act,Jimmy O. Yang Alex Moffat Cedric the Entertainer Steve Byrne
Robert Zemeckis,Anne Hathaway,Octavia Spencer,Stanley Tucci,the witches,Anne Hathaway Octavia Spencer Stanley Tucci Robert Zemeckis
Glen Keane,Cathy Ang,Phillipa Soo,Ken Jeong,over the moon,Cathy Ang Phillipa Soo Ken Jeong Glen Keane
Roger Kumble,Josephine Langford,Hero Fiennes Tiffin,Dylan Sprouse,after we collided,Josephine Langford Hero Fiennes Tiffin Dylan Sprouse Roger Kumble
David Prior,James Badge Dale,Marin Ireland,Stephen Root,the empty man,James Badge Dale Marin Ireland Stephen Root David Prior
Justin Simien,Elle Lorraine,Vanessa Williams,Jay Pharoah,bad hair,Elle Lorraine Vanessa Williams Jay Pharoah Justin Simien
Nicol Paone,Malin Åkerman,Kat Dennings,Aisha Tyler,friendsgiving,Malin Åkerman Kat Dennings Aisha Tyler Nicol Paone
Zoe Lister-Jones,Cailee Spaeny,Gideon Adlon,Lovie Simone,the craft: legacy,Cailee Spaeny Gideon Adlon Lovie Simone Zoe Lister-Jones
John Whitesell,Emma Roberts,Luke Bracey,Kristin Chenoweth,holidate,Emma Roberts Luke Bracey Kristin Chenoweth John Whitesell
Jacob Chase,Gillian Jacobs,John Gallagher Jr.,Azhy Robertson,come play,Gillian Jacobs John Gallagher Jr. Azhy Robertson Jacob Chase
Terry Ross,Terry Ross (director); F. Scott Mudgett (screenplay),Honey Lauren,John Salandria,sweet taste of souls,Terry Ross (director); F. Scott Mudgett (screenplay) Honey Lauren John Salandria Terry Ross
Max Winkler,Charlie Hunnam,Jack O'Connell,Jessica Barden,jungleland,Charlie Hunnam Jack O'Connell Jessica Barden Max Winkler
Thomas Bezucha,Diane Lane,Kevin Costner,Lesley Manville,let him go,Diane Lane Kevin Costner Lesley Manville Thomas Bezucha
Andrea Di Stefano,Joel Kinnaman,Rosamund Pike,Common,the informer,Joel Kinnaman Rosamund Pike Common Andrea Di Stefano
Bryan Bertino,Marin Ireland,Michael Abbott Jr.,Xander Berkeley,the dark and the wicked,Marin Ireland Michael Abbott Jr. Xander Berkeley Bryan Bertino
Ron Howard,Amy Adams,Glenn Close,Gabriel Basso,hillbilly elegy,Amy Adams Glenn Close Gabriel Basso Ron Howard
David Fincher,Gary Oldman,Amanda Seyfried,Lily Collins,mank,Gary Oldman Amanda Seyfried Lily Collins David Fincher
Christopher Landon,Vince Vaughn,Kathryn Newton,Katie Finneran,freaky,Vince Vaughn Kathryn Newton Katie Finneran Christopher Landon
David E. Talbert,Forest Whitaker,Keegan-Michael Key,Hugh Bonneville,jingle jangle: a christmas journey,Forest Whitaker Keegan-Michael Key Hugh Bonneville David E. Talbert
Miles Joris-Peyrafitte,Finn Cole,Margot Robbie,Travis Fimmel,dreamland,Finn Cole Margot Robbie Travis Fimmel Miles Joris-Peyrafitte
"Eshom Nelms, Ian Nelms (directors/screenplay); Mel Gibson, Walton Goggins, Marianne Jean-Baptiste",Mel Gibson,Walton Goggins,Marianne Jean-Baptiste,fatman,"Mel Gibson Walton Goggins Marianne Jean-Baptiste Eshom Nelms, Ian Nelms (directors/screenplay); Mel Gibson, Walton Goggins, Marianne Jean-Baptiste"
Edoardo Ponti,Sophia Loren,Ibrahima Gueye,Abril Zamora,the life ahead,Sophia Loren Ibrahima Gueye Abril Zamora Edoardo Ponti
Michael Angelo Covino,Kyle Marvin,Michael Angelo Covino,Gayle Rankin,the climb,Kyle Marvin Michael Angelo Covino Gayle Rankin Michael Angelo Covino
Paul Leyden,Malin Åkerman,Bella Thorne,Fortune Feimster,chick fight,Malin Åkerman Bella Thorne Fortune Feimster Paul Leyden
Michael Rohl,Vanessa Hudgens,Sam Palladio,Nick Sagar,the princess switch: switched again,Vanessa Hudgens Sam Palladio Nick Sagar Michael Rohl
Aneesh Chaganty,Sarah Paulson,Kiera Allen,Pat Healy,run,Sarah Paulson Kiera Allen Pat Healy Aneesh Chaganty
Darius Marder,Riz Ahmed,Olivia Cooke,Paul Raci,sound of metal,Riz Ahmed Olivia Cooke Paul Raci Darius Marder
Dimitri Logothetis,Alain Moussi,Frank Grillo,JuJu Chan,jiu jitsu,Alain Moussi Frank Grillo JuJu Chan Dimitri Logothetis
Josh Duhamel,Josh Duhamel,Dax Shepard,Olivia Munn,buddy games,Josh Duhamel Dax Shepard Olivia Munn Josh Duhamel
Joel Crawford,Nicolas Cage,Emma Stone,Ryan Reynolds,the croods: a new age,Nicolas Cage Emma Stone Ryan Reynolds Joel Crawford
Clea DuVall,Kristen Stewart,Mackenzie Davis,Alison Brie,happiest season,Kristen Stewart Mackenzie Davis Alison Brie Clea DuVall
George C. Wolfe,Viola Davis,Chadwick Boseman,Glynn Turman,ma rainey's black bottom,Viola Davis Chadwick Boseman Glynn Turman George C. Wolfe
Chris Columbus,Kurt Russell,Goldie Hawn,Darby Camp,the christmas chronicles 2,Kurt Russell Goldie Hawn Darby Camp Chris Columbus
Alan Ball,Paul Bettany,Sophia Lillis,Peter Macdissi,uncle frank,Paul Bettany Sophia Lillis Peter Macdissi Alan Ball
Taylor Swift,Taylor Swift,Jack Antonoff,Aaron Dessner,folklore: the long pond studio sessions,Taylor Swift Jack Antonoff Aaron Dessner Taylor Swift
Ben Falcone,Melissa McCarthy,Bobby Cannavale,Brian Tyree Henry,superintelligence,Melissa McCarthy Bobby Cannavale Brian Tyree Henry Ben Falcone
Ashley Avis,Mackenzie Foy,Kate Winslet,Claire Forlani,black beauty,Mackenzie Foy Kate Winslet Claire Forlani Ashley Avis
Ryan Murphy,Meryl Streep,James Corden,Jo Ellen Pellman,the prom,Meryl Streep James Corden Jo Ellen Pellman Ryan Murphy
Marc Meyers,Jessica Rothe,Harry Shum Jr.,Kyle Allen,all my life,Jessica Rothe Harry Shum Jr. Kyle Allen Marc Meyers
Sharon Maguire,Isla Fisher,Jillian Bell,Santiago Cabrera,godmothered,Isla Fisher Jillian Bell Santiago Cabrera Sharon Maguire
April Mullen,Aaron Eckhart,Katheryn Winnick,Heather Graham,wander,Aaron Eckhart Katheryn Winnick Heather Graham April Mullen
Lawrence Michael Levine,Aubrey Plaza,Christopher Abbott,Sarah Gadon,black bear,Aubrey Plaza Christopher Abbott Sarah Gadon Lawrence Michael Levine
Steven Soderbergh,Meryl Streep,Candice Bergen,Gemma Chan,let them all talk,Meryl Streep Candice Bergen Gemma Chan Steven Soderbergh
George Clooney,George Clooney,Felicity Jones,David Oyelowo,the midnight sky,George Clooney Felicity Jones David Oyelowo George Clooney
Adam Mason,KJ Apa,Sofia Carson,Craig Robinson,songbird,KJ Apa Sofia Carson Craig Robinson Adam Mason
John Patrick Shanley,Emily Blunt,Jamie Dornan,Jon Hamm,wild mountain thyme,Emily Blunt Jamie Dornan Jon Hamm John Patrick Shanley
Reginald Hudlin,Jay Reeves,Thaddeus J. Mixson,Corinne Foxx,safety,Jay Reeves Thaddeus J. Mixson Corinne Foxx Reginald Hudlin
Tara Miele,Sienna Miller,Diego Luna,Beth Grant,wander darkly,Sienna Miller Diego Luna Beth Grant Tara Miele
Julia Hart,Rachel Brosnahan,Arinzé Kene,Marsha Stephanie Blake,i'm your woman,Rachel Brosnahan Arinzé Kene Marsha Stephanie Blake Julia Hart
Jamie Babbit,Drew Barrymore,Michael Zegen,T.J. Miller,the stand in,Drew Barrymore Michael Zegen T.J. Miller Jamie Babbit
Adam Egypt Mortimer,Joe Manganiello,Skylan Brooks,Zolee Griggs,archenemy,Joe Manganiello Skylan Brooks Zolee Griggs Adam Egypt Mortimer
Ekwa Msangi,Ntare Mwine,Zainab Jah,Jayme Lawson,farewell amor,Ntare Mwine Zainab Jah Jayme Lawson Ekwa Msangi
Paul W. S. Anderson,Milla Jovovich,Tony Jaa,"Tip ""T.I."" Harris",monster hunter,"Milla Jovovich Tony Jaa Tip ""T.I."" Harris Paul W. S. Anderson"
Ric Roman Waugh,Gerard Butler,Morena Baccarin,David Denman,greenland,Gerard Butler Morena Baccarin David Denman Ric Roman Waugh
Deon Taylor,Hilary Swank,Michael Ealy,Mike Colter,fatale,Hilary Swank Michael Ealy Mike Colter Deon Taylor
Liam O'Donnell,Lindsey Morgan,Jonathan Howard,Daniel Bernhardt,skylines,Lindsey Morgan Jonathan Howard Daniel Bernhardt Liam O'Donnell
Shawn Linden,Devon Sawa,Camille Sullivan,Nick Stahl,hunter hunter,Devon Sawa Camille Sullivan Nick Stahl Shawn Linden
John Suits,Cody Kearsley,Bruce Willis,Thomas Jane,breach,Cody Kearsley Bruce Willis Thomas Jane John Suits
Eugene Ashe,Tessa Thompson,Nnamdi Asomugha,Ryan Michelle Bathe,sylvie's love,Tessa Thompson Nnamdi Asomugha Ryan Michelle Bathe Eugene Ashe
Patty Jenkins,Gal Gadot,Chris Pine,Kristen Wiig,wonder woman 1984,Gal Gadot Chris Pine Kristen Wiig Patty Jenkins
Pete Docter,Jamie Foxx,Tina Fey,Graham Norton,soul,Jamie Foxx Tina Fey Graham Norton Pete Docter
Robert Rodriguez,Priyanka Chopra Jonas,Pedro Pascal,YaYa Gosselin,we can be heroes,Priyanka Chopra Jonas Pedro Pascal YaYa Gosselin Robert Rodriguez
Regina King,Kingsley Ben-Adir,Eli Goree,Aldis Hodge,one night in miami...,Kingsley Ben-Adir Eli Goree Aldis Hodge Regina King
Emerald Fennell,Carey Mulligan,Bo Burnham,Alison Brie,promising young woman,Carey Mulligan Bo Burnham Alison Brie Emerald Fennell
Kornél Mundruczó,Vanessa Kirby,Shia LaBeouf,Molly Parker,pieces of a woman,Vanessa Kirby Shia LaBeouf Molly Parker Kornél Mundruczó
